model,category,direct_recall,vpn_recall,direct_as_vpn,vpn_as_direct
logistic_regression,baseline,0.45096596136154554,0.7709168443496802,0.5490340386384543,0.2290831556503198
logistic_regression,browsing,0.15232,0.9068799999999999,0.8476800000000001,0.09312
logistic_regression,chat,0.13032694475760992,0.787392055267703,0.8696730552423901,0.21260794473229705
logistic_regression,email,0.0,0.9449074074074074,1.0,0.0550925925925926
logistic_regression,file_transfer,0.7103850641773629,0.4392989909718533,0.2896149358226371,0.5607010090281466
logistic_regression,p2p,0.036131774707757705,0.8417417417417419,0.9638682252922424,0.15825825825825826
logistic_regression,streaming,0.5306666666666666,0.45642105263157895,0.46933333333333327,0.5435789473684212
logistic_regression,voip,0.00021269053527118043,0.6537511032656663,0.9997873094647289,0.3462488967343336
random_forest,baseline,0.908003679852806,0.9397014925373135,0.09199632014719411,0.06029850746268657
random_forest,browsing,0.49808,0.7384799999999999,0.5019199999999999,0.26152000000000003
random_forest,chat,0.34430665163472385,0.917098445595855,0.6556933483652763,0.08290155440414508
random_forest,email,0.31764705882352945,0.8439814814814814,0.6823529411764706,0.1560185185185185
random_forest,file_transfer,0.5577596266044341,0.7712161444503451,0.4422403733955659,0.2287838555496548
random_forest,p2p,0.21615302869287994,0.7510510510510511,0.78384697130712,0.24894894894894892
random_forest,streaming,0.6413333333333333,0.2909473684210526,0.3586666666666667,0.7090526315789474
random_forest,voip,0.9568947181850408,0.10988526037069726,0.043105281814959234,0.8901147396293027
