model,seed,experiment,held_out_category,accuracy,macro_f1,macro_precision,macro_recall
logistic_regression,42,baseline,baseline,0.6302279265324187,0.6159951193170258,0.6406090336087663,0.6238361680884577
logistic_regression,42,loao,browsing,0.5366,0.4736617093641283,0.5701566817223673,0.5366
logistic_regression,42,loao,chat,0.49779951100244496,0.4128132285787537,0.4275644065117749,0.45538122136483034
logistic_regression,42,loao,email,0.6194029850746269,0.3824884792626728,0.31776416539050534,0.48032407407407407
logistic_regression,42,loao,file_transfer,0.539051094890511,0.5369401374880827,0.5889761919295367,0.5975546729907277
logistic_regression,42,loao,p2p,0.358431860609832,0.2767672596491519,0.2598147969518665,0.4284832122239136
logistic_regression,42,loao,streaming,0.47675675675675677,0.47653590002619073,0.47656220775820146,0.47654970760233917
logistic_regression,42,loao,voip,0.2913308433261254,0.22599209853845542,0.17340208973164578,0.3269211214717009
logistic_regression,43,baseline,baseline,0.6184996680681567,0.6055433252660678,0.6255931818191771,0.6125187572454458
logistic_regression,43,loao,browsing,0.5252,0.4194475958283177,0.5928631568520628,0.5252
logistic_regression,43,loao,chat,0.5070904645476773,0.41016097132183277,0.4299078580993475,0.461474318159249
logistic_regression,43,loao,email,0.6208955223880597,0.3830570902394107,0.3180428134556575,0.48148148148148145
logistic_regression,43,loao,file_transfer,0.5062043795620438,0.5039918459867668,0.554462669683258,0.559669176585193
logistic_regression,43,loao,p2p,0.36029869321717484,0.2785312747841703,0.2649338731443995,0.43051606335347037
logistic_regression,43,loao,streaming,0.5135135135135135,0.5122542816164685,0.5155086848635235,0.5152631578947369
logistic_regression,43,loao,voip,0.291134263809711,0.2254872107186358,0.17212924221292422,0.32678729037952337
logistic_regression,44,baseline,baseline,0.5903961053330383,0.577818328113602,0.5934051624374597,0.5847019338842652
logistic_regression,44,loao,browsing,0.5288,0.4570146425358689,0.5611231168986403,0.5287999999999999
logistic_regression,44,loao,chat,0.5031784841075795,0.41732009647203994,0.434770931410906,0.4603946274434209
logistic_regression,44,loao,email,0.5865671641791045,0.36970837253057387,0.3114104595879556,0.4548611111111111
logistic_regression,44,loao,file_transfer,0.5222627737226277,0.5205660824022785,0.5749886000911992,0.5815253595549692
logistic_regression,44,loao,p2p,0.4001244555071562,0.34109314496097126,0.41652792032538866,0.464961241794398
logistic_regression,44,loao,streaming,0.4810810810810811,0.4804975990564713,0.4821945720565623,0.4823391812865497
logistic_regression,44,loao,voip,0.29093768429329664,0.22556269054874026,0.1726512658474465,0.32652322622570035
logistic_regression,45,baseline,baseline,0.619163531754813,0.6069055779212038,0.6256961113464954,0.6133596703040194
logistic_regression,45,loao,browsing,0.5312,0.47137857791455784,0.557002943105801,0.5312
logistic_regression,45,loao,chat,0.5002444987775061,0.4030987604958017,0.4185084617327608,0.45476981850681397
logistic_regression,45,loao,email,0.6194029850746269,0.3824884792626728,0.31776416539050534,0.48032407407407407
logistic_regression,45,loao,file_transfer,0.4813868613138686,0.4798898368966781,0.5338186424807682,0.5365265338522963
logistic_regression,45,loao,p2p,0.3658991910392035,0.2885083046244073,0.2966244451553565,0.4350788088832722
logistic_regression,45,loao,streaming,0.4962162162162162,0.4954939138576779,0.497578549492086,0.49760233918128655
logistic_regression,45,loao,voip,0.29231374090819734,0.22619409796166717,0.17258588672237699,0.32811120917917036
logistic_regression,46,baseline,baseline,0.6266873202035849,0.6123182323685353,0.6365831087552061,0.6202904847558763
logistic_regression,46,loao,browsing,0.5262,0.42830911888221374,0.5831539493174775,0.5262
logistic_regression,46,loao,chat,0.5036674816625917,0.42315585928913113,0.44043526919541154,0.4622775145889679
logistic_regression,46,loao,email,0.6,0.375,0.3140625,0.4652777777777778
logistic_regression,46,loao,file_transfer,0.5715328467153284,0.561522553080585,0.5855088562524001,0.5989343948898547
logistic_regression,46,loao,p2p,0.3652769135034225,0.2841458173928538,0.2822834008097166,0.4356444648686944
logistic_regression,46,loao,streaming,0.49513513513513513,0.49498403612943653,0.4959524904502238,0.4959649122807017
logistic_regression,46,loao,voip,0.29093768429329664,0.22536927059540124,0.17205301092769124,0.3265666372462489
random_forest,42,baseline,baseline,0.9274175702589068,0.9272070872894984,0.9281792032097413,0.9267097290522025
random_forest,42,loao,browsing,0.6022,0.5981329608920939,0.6065117489754446,0.6022000000000001
random_forest,42,loao,chat,0.6801955990220049,0.6315595475011405,0.7176620592800651,0.6433462234190661
random_forest,42,loao,email,0.6507462686567164,0.5586943793911007,0.5989291549953315,0.5659527699968876
random_forest,42,loao,file_transfer,0.6916058394160584,0.6418804239771985,0.641659192160293,0.6421073276772895
random_forest,42,loao,p2p,0.43497199751088983,0.4171507912160953,0.4719195697919102,0.47891994013141725
random_forest,42,loao,streaming,0.4227027027027027,0.4085677749360614,0.41797381486986496,0.42719298245614035
random_forest,42,loao,voip,0.5584824061332809,0.3826224131573475,0.5760294780543423,0.5062797365490758
random_forest,43,baseline,baseline,0.9216640849745519,0.9214796744775049,0.9220194405208983,0.9211492478467173
random_forest,43,loao,browsing,0.6192,0.6110907124376949,0.6300465933378439,0.6192
random_forest,43,loao,chat,0.6205378973105135,0.5472018115123252,0.6386837741118967,0.5773453822533505
random_forest,43,loao,email,0.6492537313432836,0.5620293797757435,0.5973523193458506,0.5676256613756614
random_forest,43,loao,file_transfer,0.7138686131386861,0.6686705362078496,0.6679566729876977,0.6694312744813107
random_forest,43,loao,p2p,0.44866210329807094,0.43252392977623033,0.4894305886284831,0.49192603868480594
random_forest,43,loao,streaming,0.46054054054054056,0.4412202299885841,0.4594837267743765,0.465906432748538
random_forest,43,loao,voip,0.6453705523884411,0.5605403301468456,0.7535864233431631,0.6046332308468231
random_forest,44,baseline,baseline,0.9263111307811462,0.9261163978737341,0.9268789494948542,0.9256939445236689
random_forest,44,loao,browsing,0.6144,0.6076042710239851,0.6229148315396363,0.6144000000000001
random_forest,44,loao,chat,0.6875305623471882,0.6468601003840407,0.7156890008506184,0.6540443130772062
random_forest,44,loao,email,0.6671641791044776,0.6032017931741467,0.6260633341803705,0.6013266417678182
random_forest,44,loao,file_transfer,0.7018248175182482,0.6630957750544468,0.6596983057134338,0.6686160828539577
random_forest,44,loao,p2p,0.44866210329807094,0.42916399384181153,0.4928363782830074,0.49477825327984737
random_forest,44,loao,streaming,0.47135135135135137,0.4562806749295897,0.47267488076311603,0.47619883040935673
random_forest,44,loao,voip,0.5738156084136034,0.5063156552760932,0.56542963639442,0.5399000467118225
random_forest,45,baseline,baseline,0.9236556760345209,0.9234904534029378,0.92390016189114,0.9232191650500291
random_forest,45,loao,browsing,0.6094,0.6021053334143385,0.6180574656260689,0.6093999999999999
random_forest,45,loao,chat,0.6948655256723716,0.6490336378518244,0.7390245620833297,0.6585422130836317
random_forest,45,loao,email,0.6462686567164179,0.5694542733269886,0.5952479099305672,0.5719148770619359
random_forest,45,loao,file_transfer,0.6945255474452555,0.6476925844433735,0.6465505051490092,0.6490000501942393
random_forest,45,loao,p2p,0.433105164903547,0.41561653623613615,0.46908379354380386,0.476667687879165
random_forest,45,loao,streaming,0.47243243243243244,0.45284848484848483,0.4735664335664336,0.47789473684210526
random_forest,45,loao,voip,0.560055042264596,0.3862599543281516,0.5907117734009264,0.5080449616152717
random_forest,46,baseline,baseline,0.9232131002434167,0.9229885828013942,0.9239721602498161,0.9224908445026805
random_forest,46,loao,browsing,0.6462,0.6433751747592682,0.650983769761111,0.6462
random_forest,46,loao,chat,0.6601466992665037,0.6015901354751919,0.697612144253817,0.6202346112431923
random_forest,46,loao,email,0.6716417910447762,0.5972193378438938,0.6320104562737643,0.5972514005602241
random_forest,46,loao,file_transfer,0.7204379562043796,0.6857788756643461,0.6814175145452399,0.693284692430151
random_forest,46,loao,p2p,0.4237710018668326,0.39385661914460285,0.46205888072763174,0.4757182793845918
random_forest,46,loao,streaming,0.48,0.4728133172030461,0.4823207246245975,0.48350877192982455
random_forest,46,loao,voip,0.5602516217810104,0.3852766561041992,0.5970742784220996,0.5080919706663521
