model,held_out_category,accuracy_mean,accuracy_std,macro_f1_mean,macro_f1_std,macro_precision_mean,macro_precision_std,macro_recall_mean,macro_recall_std
logistic_regression,baseline,0.6169949103784023,0.015680554589778815,0.603716116597287,0.015074623601727427,0.6243773195934209,0.018540104371816975,0.6109414028556129,0.015415301643249515
logistic_regression,browsing,0.5296000000000001,0.004558508528016551,0.4499623289050173,0.02484985876401564,0.5728599695792698,0.015021653409207563,0.5296,0.004558508528016537
logistic_regression,chat,0.5023960880195599,0.0035363686516899006,0.41330978323151185,0.007540795619403849,0.43023738539004014,0.008206261757164702,0.4588595000126564,0.0035249337221948344
logistic_regression,email,0.6092537313432835,0.015344851537283464,0.37854848425906606,0.005960578098052998,0.3158088207649247,0.0029594207967479913,0.4724537037037037,0.011899364039328588
logistic_regression,file_transfer,0.5240875912408759,0.03399062467700744,0.5205820911708783,0.031123958416956365,0.5675509920874324,0.02316256505549994,0.5748420275746081,0.026642380793307364
logistic_regression,p2p,0.37000622277535783,0.017135810517888525,0.29380916028231086,0.026837914580317618,0.3040368872773455,0.06455042597644357,0.43893675822474976,0.014859184363865784
logistic_regression,streaming,0.4925405405405406,0.014496164576745262,0.49195314613724894,0.014166690408395079,0.4935593009241194,0.015179883141861712,0.49354385964912273,0.01506989290968682
logistic_regression,voip,0.2913308433261254,0.0005731228518621178,0.22572107367257996,0.0003538180875274749,0.17256429908841694,0.0005386586287273333,0.3269818969004688,0.0006518686489389322
random_forest,baseline,0.9244523124585085,0.0023554430786873032,0.9242564391690138,0.002348956514547452,0.9249899830732901,0.002489333032418533,0.9238525861950597,0.0022976872507923635
random_forest,browsing,0.61828,0.016828903707609727,0.6124616905054762,0.017983911129976247,0.625702881848021,0.016526617302422317,0.61828,0.016828903707609727
random_forest,chat,0.6686552567237164,0.029850086633056914,0.6152490465449045,0.04249612283264548,0.7017343081159454,0.03818164421721259,0.6307025486152893,0.03330282387970616
random_forest,email,0.6570149253731343,0.011532205237063851,0.5781198327023747,0.020647267790069798,0.6099206349451769,0.01762534391702263,0.5808142701525054,0.017065604523789905
random_forest,file_transfer,0.7044525547445255,0.01239640862403042,0.6614236390694429,0.0174568770386239,0.6594564381111347,0.016108277686456892,0.6644878855273897,0.020071731416971803
random_forest,p2p,0.4378344741754822,0.010756585158099276,0.41766237404297524,0.01520126830573411,0.4770658421949673,0.013388454687410883,0.4836020398719655,0.009032686163836593
random_forest,streaming,0.4614054054054054,0.022720713576382518,0.44634609638115325,0.023952905680903983,0.4612039161196777,0.025505563973173394,0.46614035087719297,0.022682332741523207
random_forest,voip,0.5795950461961864,0.03728787506719871,0.4442030018025275,0.08368726837710215,0.6165663179229902,0.07759043425254454,0.5333899892778691,0.04223537111518979
